{"step_average_loss": 8.777350120544433, "total_steps": 99, "_timestamp": 1716377705.6123068, "_runtime": 92.73384690284729, "_step": 19, "validation_loss": 5.824510736124856, "epoch": 0, "_wandb": {"runtime": 94}}