{"step_average_loss": 5.098442459106446, "total_steps": 161, "_timestamp": 1715481925.6249776, "_runtime": 43.23136067390442, "_step": 17, "average_train_loss": 5.076832703181675, "epoch": 2, "_wandb": {"runtime": 42}}