{"train/loss": 6.4753, "train/grad_norm": 0.0035761375911533833, "train/learning_rate": 2.0, "train/epoch": 3.0, "train/global_step": 84, "_timestamp": 1715462215.5855289, "_runtime": 127.24488973617554, "_step": 8, "train_runtime": 104.8756, "train_samples_per_second": 14.303, "train_steps_per_second": 0.801, "total_flos": 3808245841920000.0, "train_loss": 7.261049679347447, "_wandb": {"runtime": 126}}