{"loss": 0.007477191276848316, "global_step": 499, "_timestamp": 1715404122.401185, "_runtime": 73.23966598510742, "_step": 500, "val_loss": 2.578785759925842, "epoch": 0, "_wandb": {"runtime": 79}}