{"train/loss": 6.6342, "train/grad_norm": 0.0026527089066803455, "train/learning_rate": 2.0, "train/epoch": 3.0, "train/global_step": 84, "_timestamp": 1715462824.8206859, "_runtime": 270.802649974823, "_step": 16, "eval/loss": 6.548394680023193, "eval/runtime": 17.6494, "eval/samples_per_second": 28.33, "eval/steps_per_second": 1.813, "train_runtime": 246.2063, "train_samples_per_second": 6.092, "train_steps_per_second": 0.341, "total_flos": 3808245841920000.0, "train_loss": 7.312680494217646, "_wandb": {"runtime": 270}}