{"train/loss": 6.5017, "train/grad_norm": 0.009760052897036076, "train/learning_rate": 2.0, "train/epoch": 3.0, "train/global_step": 168, "_timestamp": 1715464368.9874897, "_runtime": 617.3770155906677, "_step": 32, "eval/loss": 6.4759202003479, "eval/runtime": 26.8207, "eval/samples_per_second": 18.642, "eval/steps_per_second": 2.349, "train_runtime": 590.8196, "train_samples_per_second": 2.539, "train_steps_per_second": 0.284, "total_flos": 3808245841920000.0, "train_loss": 6.8627548444838755, "_wandb": {"runtime": 616}}