{"step_average_loss": 0.11949742655463827, "total_steps": 11873, "_timestamp": 1716217239.1765969, "_runtime": 17897.19461083412, "_step": 2384, "validation_loss": 8.561585241434525, "epoch": 14, "average_train_loss": 0.21501834409268827}