{"train/loss": 8.3142, "train/grad_norm": 0.0028186780400574207, "train/learning_rate": 2.0, "train/epoch": 1.0, "train/global_step": 112, "_timestamp": 1715411599.648479, "_runtime": 709.9611260890961, "_step": 2, "train_runtime": 711.1662, "train_samples_per_second": 1.406, "train_steps_per_second": 0.157, "total_flos": 1.756644633808896e+16, "train_loss": 9.246685709272112, "_wandb": {"runtime": 709}}