{"train/loss": 8.1903, "train/grad_norm": 0.0009145694202743471, "train/learning_rate": 2.0, "train/epoch": 1.0, "train/global_step": 112, "_timestamp": 1715409979.825521, "_runtime": 714.6236069202423, "_step": 2, "train_runtime": 715.6021, "train_samples_per_second": 1.397, "train_steps_per_second": 0.157, "total_flos": 1.756644633808896e+16, "train_loss": 8.9094420841762, "_wandb": {"runtime": 713}}