{"step_average_loss": 14.226514434814453, "total_steps": 9, "_timestamp": 1715482589.4048097, "_runtime": 19.169182777404785, "_step": 0, "_wandb": {"runtime": 18}}