{"step_average_loss": 3.9763132852221292, "total_steps": 11432, "_timestamp": 1716242682.9461098, "_runtime": 17208.57415175438, "_step": 2295, "validation_loss": 4.333139027057051, "epoch": 13, "average_train_loss": 4.010800866300305}