{"step_average_loss": 4.009932900984076, "total_steps": 10761, "_timestamp": 1716241659.446309, "_runtime": 16185.074351072311, "_step": 2160, "validation_loss": 4.337671007428851, "epoch": 12, "average_train_loss": 4.041671434177532}